1,10,23,29,33,37,40,0,143934100,5140500,113400,10000
2,9,13,21,25,32,42,2002006800,94866800,1842000,100800,10000
3,11,16,19,21,27,31,2000000000,0,1174100,54900,10000
5,16,24,29,40,41,42,0,0,6033800,166500,10000
6,14,15,26,27,40,42,6574451700,196297600,4267300,87600,10000
7,2,9,16,25,26,40,0,48165000,1605500,65500,10000
8,8,19,25,34,37,39,0,131555000,2268100,110500,10000
9,2,4,16,17,36,39,0,769456500,8743800,260000,10000
10,9,25,30,33,41,44,6430437900,40813400,856400,27300,10000
11,1,7,36,37,41,42,4780152300,362132700,9307100,206800,10000
12,2,11,21,25,39,45,1348845700,99914400,1417500,70200,10000
13,22,23,25,37,38,42,0,433309300,5777400,175600,10000
14,2,6,12,31,33,40,9375048300,130363400,2568700,93900,10000
15,3,4,16,30,31,37,17014245000,177231700,5571100,144600,10000
16,6,7,24,37,38,40,4377146100,243174700,3385200,123500,10000
17,3,4,9,17,32,37,5349491200,297193900,2342100,86700,10000
18,3,12,13,19,32,35,0,175017300,3953700,136500,10000
19,6,30,38,39,40,43,40722959400,297278500,5971100,150900,10000
20,10,14,18,20,23,30,19352212800,230383400,3632100,133900,10000
21,6,12,17,18,31,32,797475400,117576500,1522400,73600,10000
22,4,5,6,8,17,39,4552194900,94837300,3669600,113900,10000
23,5,13,17,18,33,42,4317947700,125157900,2098100,90300,10000
24,7,8,27,29,36,43,0,176023700,3425300,120000,10000
25,2,4,21,26,43,44,24227745300,175267400,4417100,166600,10000
26,4,5,7,18,20,25,3495069900,74680900,2173500,80600,10000
27,1,20,26,28,37,43,9543982500,198832900,5494500,189800,10000
28,9,18,23,25,35,37,1700361100,128815200,2434600,97900,10000
29,1,5,13,34,39,40,3552594000,174146700,3936800,139800,10000
30,8,17,20,35,36,44,8728555500,132250800,3336600,137500,10000
31,7,9,18,23,28,35,8106672900,93180100,2391300,92500,10000
32,6,14,19,25,34,44,1634528300,55596200,2264500,103300,10000
33,4,7,32,33,40,41,14903517600,60583400,2336700,95200,10000
34,9,26,35,37,40,42,3056918000,56609500,2015300,74300,10000
35,2,3,11,26,37,43,5054598200,105304100,2708700,107800,10000
36,1,10,23,26,28,40,16014475800,140477800,3475300,139300,10000
37,7,27,30,33,35,37,4985999400,124649900,2908900,107600,10000
38,16,17,22,30,37,43,5374866400,149301800,3957900,147700,10000
39,6,7,13,15,21,43,2623748800,104949900,3753500,135400,10000
40,7,13,18,19,25,26,1147652400,56513100,2356900,76400,10000
41,13,20,23,35,38,43,0,109404000,3282100,135900,10000
42,17,18,19,21,23,32,6899280100,131479800,3275200,115700,10000
43,6,31,35,38,39,44,17749630800,140870000,3194600,131200,10000
44,3,11,21,30,38,45,3362155800,121817200,3569100,139700,10000
45,1,10,20,27,33,35,8356417800,103165600,3129700,122500,10000
46,8,13,15,23,31,38,5327758800,68304600,2554000,117700,10000
47,14,17,26,31,36,45,3250042400,246215300,3002600,133400,10000
48,6,10,18,26,37,38,2415673600,96626900,1888700,83200,10000
49,4,7,16,19,33,40,1967504600,46845300,1543600,69000,10000
50,2,10,12,15,22,44,5227061400,186680700,3164000,129700,10000
51,2,3,11,16,26,44,2421117000,93119800,2519300,105900,10000
52,2,4,15,16,20,29,3900844900,200043300,3887200,150000,10000
53,7,8,14,32,33,39,5014371000,100287400,3126100,110500,10000
54,1,8,21,27,36,39,5148626600,171620800,3580400,147700,10000
55,17,21,31,37,40,44,7088799600,98455500,3245700,111000,10000
57,7,10,16,25,29,44,4114411900,109717600,2857200,124500,10000
58,10,24,25,33,40,44,3676429200,62844900,1859600,84200,10000
59,6,29,36,39,41,45,4127587300,119640200,4226900,157100,10000
60,2,8,25,36,39,42,2172504600,93873600,2329500,110800,10000
61,14,15,19,30,38,43,3541038800,268260500,3740000,143100,10000
62,3,8,15,27,29,35,15817286400,119827900,3179900,126400,10000
63,3,20,23,36,38,40,7922245500,101567200,3204700,127200,10000
64,14,15,18,21,26,36,3899818000,236352600,3993600,140000,10000
65,4,25,33,36,40,43,3727945800,92048000,2477800,94500,10000
66,2,3,7,17,22,24,3685138200,129303000,3125600,122200,10000
67,3,7,10,15,36,38,2114436500,39787700,2537900,105500,10000
68,10,12,15,16,26,39,2945882100,122745000,3255800,113400,10000
69,5,8,14,15,19,39,4962712200,124067800,3239300,120300,10000
70,5,19,22,25,28,43,5031277800,179688400,3508500,136700,10000
71,5,9,12,16,29,41,0,88745200,3177500,125700,10000
72,2,4,11,17,26,27,3260524600,104081800,1824500,80300,10000
73,3,12,18,32,40,43,2766662100,106410000,2029800,99500,10000
74,6,15,17,18,35,40,5284949800,66061800,2588100,109100,10000
75,2,5,24,32,34,44,3914616900,137354900,3194300,127900,10000
76,1,3,15,22,25,37,7451022600,146098400,2956700,111600,10000
77,2,18,29,32,43,44,5155758600,135677800,3615500,139200,10000
78,10,13,25,29,33,35,3519850000,106662100,2578600,110500,10000
79,3,12,24,27,30,32,3416443800,73471910,1904373,92154,10000
80,17,18,24,25,26,30,13809540000,143849375,2651602,114362,10000
81,5,7,11,13,20,33,2714288880,113095370,2162436,87580,10000
82,1,2,3,14,27,42,14562494400,121354120,3810177,134320,10000
83,6,10,15,17,19,34,7086948300,157487740,2775930,102880,10000
84,16,23,27,34,42,45,7669779000,150387824,4026131,157805,10000
85,6,8,13,23,31,36,3462109800,74453975,2804464,110577,10000
86,2,12,37,39,41,45,14252186400,148460275,3887667,135515,10000
87,4,12,16,23,34,43,1799358055,99964337,2639059,120466,10000
88,1,17,20,24,30,41,3069709650,66015262,1729902,63321,5000
89,4,26,28,29,33,40,4248321900,70805365,1585195,58463,5000
90,17,20,29,35,38,44,3291435300,64537948,1691820,64645,5000
91,1,21,24,26,29,42,3582902400,74643800,1982242,74431,5000
92,3,14,24,33,35,36,1233270846,45219931,1393098,57011,5000
93,6,22,24,36,38,44,2269178150,87276083,1552106,66160,5000
94,5,32,34,40,41,45,2245339950,59087894,1659527,63155,5000
95,8,17,27,31,34,43,1747741238,48548368,1348566,56540,5000
96,1,3,8,21,22,31,1847133515,56710240,1800326,66002,5000
97,6,7,14,15,20,36,1496214000,48789587,1454518,58123,5000
98,6,9,16,23,24,32,3177972300,47081072,1126941,48251,5000
99,1,3,10,27,29,37,2169219050,54230477,1372056,56196,5000
100,1,7,11,23,37,42,3315315525,61394732,1431484,57484,5000
101,1,3,17,32,35,45,2707297500,59370560,1605752,61634,5000
102,17,22,24,26,35,40,1457153067,91072067,1616664,57919,5000
103,5,14,15,27,30,45,1691589563,59354020,1424797,59679,5000
104,17,32,33,34,42,44,6610743750,95807881,1704240,61361,5000
105,8,10,20,34,41,45,3416781450,87609781,1711386,65904,5000
106,4,10,12,22,24,33,810461157,54030744,1051182,46205,5000
107,1,4,5,6,9,31,6679927800,63618360,1020928,48590,5000
109,1,5,34,36,42,44,1246838200,80441175,1670246,68153,5000
110,7,20,22,23,29,43,4566262000,60082395,1640181,61980,5000
111,7,18,31,33,36,40,2199047450,43118578,1268194,50633,5000
112,26,29,30,33,41,42,1567271167,73465836,1715991,66933,5000
113,4,9,28,33,36,45,1561528934,54471940,1583701,64428,5000
114,11,14,19,26,28,41,2362345050,57618172,1584404,60185,5000
115,1,2,6,9,25,28,1488589567,65673070,1122053,48739,5000
116,2,4,25,31,34,37,1997747315,41619736,1343346,50725,5000
117,5,10,22,34,36,44,1558378334,46751350,1423610,59662,5000
118,3,4,10,17,19,22,1297989720,52763810,1294624,51983,5000
119,3,11,13,14,17,21,1474899400,45149982,1142743,51856,5000
120,4,6,10,11,32,37,4364530300,70395650,1359667,54286,5000
121,12,28,30,34,38,43,6839648100,73544604,1698870,67589,5000
122,1,11,16,17,36,40,1450073800,57239756,1550329,59989,5000
123,7,17,18,28,30,45,2532982680,55547866,1429126,58036,5000
124,4,16,23,25,29,42,1395936267,56592011,1359679,55808,5000
125,2,8,32,33,35,36,1754870786,56870813,1417832,55140,5000
126,7,20,22,27,40,43,1369301500,58684350,1427347,57558,5000
127,3,5,10,29,32,43,1965939150,45719516,1537091,58532,5000
128,12,30,34,36,37,45,2064043100,89741005,1731580,65221,5000
129,19,23,25,28,38,42,1093629655,40099754,1361160,56381,5000
130,7,19,24,27,42,45,3036496650,67477704,1590206,63672,5000
131,8,10,11,14,15,21,1451214488,58634929,1176264,52372,5000
132,3,17,23,34,41,45,2920473525,57264187,1408816,59653,5000
133,4,7,15,18,23,26,1450242600,37914840,1319002,50709,5000
134,3,12,20,23,31,35,2349155100,39152585,1366106,56175,5000
135,6,14,22,28,35,39,1717293515,71553897,1406959,60529,5000
136,2,16,30,36,41,42,1997694150,76834391,1561919,59639,5000
137,7,9,20,25,36,39,1270403467,47640130,1207608,52255,5000
138,10,11,27,28,37,39,2227152000,57998750,1483582,60623,5000
139,9,11,15,20,28,43,1650210215,68758759,1706778,67233,5000
140,3,13,17,18,19,28,2109462840,51702521,1341898,54617,5000
141,8,12,29,31,42,43,1900552400,65536290,1661323,65308,5000
142,12,16,30,34,40,44,1018265564,66672150,1407859,57795,5000
143,26,27,28,42,43,45,3954584700,56494068,1672837,69221,5000
144,4,15,17,26,36,37,1402440413,49208436,1248279,50416,5000
145,2,3,13,20,27,44,3797838200,49971556,1560328,60169,5000
146,2,19,27,35,41,42,6043415250,59249170,1456596,64439,5000
147,4,6,13,21,40,42,1700040215,56668008,1632412,63558,5000
148,21,25,33,34,35,36,2323596420,55323725,1634035,61124,5000
149,2,11,21,34,41,42,1639052143,44470407,1632987,63267,5000
150,2,18,25,28,37,39,2831645850,41038346,1475969,57907,5000
151,1,2,10,13,18,19,2716634025,40246430,1214681,53073,5000
152,1,5,13,26,29,34,2278131840,63281440,1603415,62986,5000
153,3,8,11,12,13,36,2730526125,35006746,1258888,50875,5000
154,6,19,21,35,40,45,2836628700,59096432,1590485,62847,5000
155,16,19,20,32,33,41,1193005734,48365098,1390450,56917,5000
156,5,18,28,30,42,45,1401099900,62271107,1518808,62789,5000
157,19,26,30,33,35,39,5484903750,65296474,1582945,59313,5000
158,4,9,13,18,21,34,1069544340,39612754,1175841,52499,5000
159,1,18,30,41,42,43,1755407300,73141971,1639036,63911,5000
160,3,7,8,34,39,41,5490805350,57195890,1696264,62382,5000
162,1,5,21,25,38,41,2308265760,58289540,1641259,62857,5000
163,7,11,26,28,29,44,1629726515,40454205,1367876,57095,5000
164,6,9,10,11,39,41,4054937900,51986384,1246906,54186,5000
165,5,13,18,19,22,42,6767426700,56395223,1469583,57240,5000
166,9,12,27,36,39,45,1111299982,72763690,1351947,57594,5000
167,24,27,28,30,36,39,2491222920,57667198,1581127,64666,5000
168,3,10,31,40,42,43,2349946920,36264613,1268322,52569,5000
169,16,27,35,37,43,45,2482888380,66744312,1766929,65994,5000
170,2,11,13,15,31,42,1923108250,71226232,1469144,57381,5000
171,4,16,25,29,34,35,1961339700,103228406,1420232,54893,5000
172,4,19,21,24,26,41,1081154073,104321885,1553383,60564,5000
173,3,9,24,30,33,34,1487736788,31486493,1369924,50637,5000
174,13,14,18,22,35,39,1771103058,79472574,1559462,63580,5000
175,19,26,28,31,33,36,2371132620,41165497,1466922,58473,5000
176,4,17,30,32,33,34,2314663080,48222148,1256604,50305,5000
177,1,10,13,16,37,43,1693285500,65849992,1567857,61316,5000
178,1,5,11,12,18,23,2254621080,42701157,1199778,50364,5000
179,5,9,17,25,39,43,1081093920,33996665,1170016,51514,5000
180,2,15,20,21,29,34,5763371550,54889253,1496203,61109,5000
181,14,21,23,32,40,45,1941763300,80906805,1574829,64046,5000
182,13,15,27,29,34,40,3721439400,42289085,1515245,63071,5000
183,2,18,24,34,40,42,1777221500,71088860,1373433,52944,5000
184,1,2,6,16,20,33,1747753050,56379131,1313113,55183,5000
185,1,2,4,8,19,38,3522485800,51801262,1434237,53422,5000
186,4,10,14,19,21,45,1187882600,38735303,1524230,60849,5000
187,1,2,8,18,29,38,1544733900,94852082,1438300,60295,5000
188,19,24,27,30,31,34,3501405200,53051594,1326290,57188,5000
189,8,14,32,35,37,45,3461775100,52451138,1595289,66327,5000
190,8,14,18,30,31,44,1784159450,54065438,1756063,66337,5000
191,5,6,24,25,32,37,2577114675,74698977,1500504,57606,5000
192,4,8,11,18,37,45,2445348375,42900849,1484729,58467,5000
193,6,14,18,26,36,39,3404449700,85111243,1499758,58059,5000
194,15,20,23,26,39,44,2650567875,84145012,1648364,65985,5000
195,7,10,19,22,35,40,918992591,25527572,996346,47916,5000
196,35,36,37,41,44,45,727876520,67395975,1198743,62663,5000
197,7,12,16,34,42,45,1803018300,42929008,1467062,61588,5000
198,12,19,20,25,41,45,1797855050,71914202,1712243,64564,5000
199,14,21,22,25,30,36,5344252200,77452931,1698206,64281,5000
200,5,6,13,14,17,20,1344616613,30910727,1292590,54137,5000
201,3,11,24,38,39,44,9719465400,43781376,1202607,53073,5000
202,12,14,27,33,39,44,1893391700,47334793,1536844,60558,5000
203,1,3,11,24,30,32,2164564740,41948930,1358287,53913,5000
204,3,12,14,35,40,45,1358347125,78744761,1534856,62837,5000
205,1,3,21,29,35,37,1835221800,87391515,1671423,65466,5000
206,1,2,3,15,20,25,2032859340,47056930,1093641,50992,5000
207,3,11,14,31,32,37,2104673760,47402563,1457935,57627,5000
208,14,25,31,34,40,44,1760767400,51787277,1438536,54787,5000
209,2,7,18,20,24,33,1660896350,48849893,1223046,50351,5000
210,10,19,22,23,25,37,5139085950,37239754,1319745,53262,5000
211,12,13,17,20,33,41,1035800250,59528750,1319828,53295,5000
212,11,12,18,21,31,38,2660747250,49273098,1444489,55382,5000
214,5,7,20,25,28,37,1406980875,52110403,1309124,53433,5000
215,2,3,7,15,43,44,1587689615,57884518,1484219,56218,5000
216,7,16,17,33,36,40,848506108,29181427,703840,46441,5000
217,16,20,27,33,35,39,1611246172,64820249,1558696,58601,5000
218,1,8,14,18,29,44,2779075800,71258354,1540081,61255,5000
219,4,11,20,26,35,37,1208409167,44210092,1402952,56743,5000
220,5,11,19,21,34,43,1958094950,69931963,1486785,58216,5000
221,2,20,33,35,37,40,1800104250,40911461,1119468,47711,5000
222,5,7,28,29,39,43,2275193820,57454390,1715833,66418,5000
223,1,3,18,20,26,27,1498170600,44817070,1234369,51782,5000
224,4,19,26,27,30,42,1808969950,69575768,1562151,59753,5000
225,5,11,13,19,31,36,1777201800,43346386,1380888,54448,5000
226,2,6,8,14,21,22,1744100150,45897373,1336476,54439,5000
227,4,5,15,16,22,42,5253542400,72965867,1587653,61811,5000
228,17,25,35,36,39,44,1146700334,44103859,1285539,52122,5000
229,4,5,9,11,23,38,1451441100,62716591,1290662,50156,5000
230,5,11,14,29,32,33,1292929163,68956222,1662397,61190,5000
231,5,10,19,31,44,45,1088365900,85923624,1288516,55051,5000
232,8,9,10,12,24,44,1110918400,92576534,1314178,51274,5000
233,4,6,13,17,28,40,999153750,64048318,1307109,53259,5000
234,13,21,22,24,26,37,2519743875,73036055,1601363,61167,5000
235,21,22,26,27,31,37,3433330100,59195347,1457271,57657,5000
236,1,4,8,13,37,39,5030040150,40894636,1602945,61553,5000
237,1,11,17,21,24,44,1440630729,43095792,1530725,58626,5000
238,2,4,15,28,31,34,1121660567,58016926,1578322,61640,5000
239,11,15,24,39,41,44,1134140167,58662423,1570832,60921,5000
240,6,10,16,40,41,43,5098251450,60693470,1567728,59238,5000
241,2,16,24,27,28,35,2552016300,50039536,1759405,63267,5000
242,4,19,20,21,32,34,1234542375,45723792,1322134,54286,5000
243,2,12,17,19,28,42,2408850000,55375863,1474656,59418,5000
244,13,16,25,36,37,38,9121583100,60810554,1387103,55353,5000
245,9,11,27,31,32,38,1382583129,46086105,1477119,56159,5000
246,13,18,21,23,26,39,1911774240,61274816,1231179,53462,5000
247,12,15,28,36,39,40,1669313900,57562549,1638189,63856,5000
248,3,8,17,23,38,45,1227479363,71158224,1417004,55624,5000
249,3,8,27,31,41,44,1663568700,57364438,1423070,59378,5000
250,19,23,30,37,43,45,1994726280,97780700,1581610,64771,5000
251,6,7,19,25,28,38,1282616400,42753880,1376937,55153,5000
252,14,23,26,31,39,45,1391089715,67622417,1493044,62547,5000
253,8,19,25,31,34,36,2466189525,82206318,1406439,57604,5000
254,1,5,19,20,24,30,9741015900,49197050,1325309,54852,5000
255,1,5,6,24,27,42,1598618550,122970658,1516716,57689,5000
256,4,11,14,21,23,43,4891017000,47951148,1367735,57230,5000
257,6,13,27,31,32,37,2391377025,88569520,1292986,54996,5000
258,14,27,30,31,38,40,2426434350,57772247,938297,59213,5000
259,4,5,14,35,42,45,4838533500,64513780,1565869,64000,5000
260,7,12,15,24,37,40,2310085575,59232964,1199422,52871,5000
261,6,11,16,18,31,43,3192299100,49879674,1445788,56717,5000
262,9,12,24,25,29,31,4518741600,71726058,1361888,54966,5000
263,1,27,28,32,37,40,1551704900,57470552,1656036,61466,5000
264,9,16,27,36,41,44,1344889200,58112497,1498604,62642,5000
266,3,4,9,11,22,42,3207211700,44544607,1343054,54526,5000
267,7,8,24,34,36,41,3257663300,58172559,1427548,59122,5000
268,3,10,19,24,32,45,1350954515,45031818,1157206,50960,5000
269,5,18,20,36,42,43,1961399940,74295453,1611933,64715,5000
270,5,9,12,20,21,26,1927830060,50203908,1293499,53724,5000
271,3,8,9,27,29,40,1565918150,55925649,1246751,52709,5000
272,7,9,12,27,39,43,1104622800,42485493,1209442,52419,5000
273,1,8,24,31,34,44,3339543100,79512931,1523515,59431,5000
274,13,14,15,26,35,39,2505085575,45136678,1331784,58277,5000
275,14,19,20,35,38,40,10044066900,88105850,1689215,64813,5000
276,4,15,21,33,39,41,3312569000,53428533,1426602,55308,5000
277,10,12,13,15,25,29,3272627800,52784320,1482169,59211,5000
278,3,11,37,39,41,43,3186530000,59009815,1463054,57268,5000
279,7,16,31,36,37,38,1914205320,59080412,1466150,57566,5000
280,10,11,23,24,36,37,1355258529,58560554,1380904,58653,5000
281,1,3,4,6,14,41,1554683200,42018465,1042712,41713,5000
282,2,5,10,18,31,32,1322052643,48199836,1012735,46530,5000
283,6,8,18,31,38,45,3137224600,65358846,1478429,59206,5000
284,2,7,15,24,30,45,3117640300,111344297,1632273,61691,5000
285,13,33,37,40,41,45,3164370100,60853272,1555738,61705,5000
286,1,15,19,40,42,44,3236566300,59936413,1566586,66246,5000
287,6,12,24,27,35,37,1328657100,41894594,1165489,51161,5000
288,1,12,17,28,35,41,2357261550,65479488,1488171,62553,5000
289,3,14,33,37,38,42,0,63761694,1501748,58541,5000
290,8,13,18,32,39,45,2149214424,51251650,1361059,58573,5000
291,3,7,8,18,20,42,1450585200,43393575,1379258,54144,5000
292,17,18,31,32,33,34,720373950,45428988,995778,50256,5000
293,1,9,17,21,29,33,1656764400,78893543,1435672,54268,5000
294,6,10,17,30,37,38,2406504975,61705256,1411027,56496,5000
295,1,4,12,16,18,38,0,62969875,1616207,59131,5000
296,3,8,15,27,30,45,3066088275,46243415,1186303,54498,5000
297,6,11,19,20,28,32,5056668750,60198438,1322005,55032,5000
298,5,9,27,29,37,40,9909778500,41290744,1220717,51970,5000
299,1,3,20,25,36,45,1483772529,59691999,1548362,59575,5000
300,7,9,10,12,26,38,836092425,49181908,1180922,47646,5000
301,7,11,13,33,37,43,1447385015,35927997,1328573,51361,5000
302,13,19,20,32,38,42,5472167250,41455813,1608515,61360,5000
303,2,14,17,30,38,45,1672749000,57681000,1444516,59459,5000
304,4,10,16,26,33,41,1661646150,44909356,1165250,53519,5000
305,7,8,18,21,23,39,2008210140,49220837,1215330,50589,5000
306,4,18,23,30,34,41,2102669520,76183679,1437428,61822,5000
307,5,15,21,23,25,45,2587643250,61610554,1465672,58085,5000
308,14,15,17,19,37,45,10232872800,63165882,1743844,63461,5000
309,1,2,5,11,18,36,901622946,66119016,1189191,47826,5000
310,1,5,19,28,34,41,1296713325,59619004,1592036,64088,5000
311,4,12,24,27,28,32,1237691063,38378018,1210752,50950,5000
312,2,3,5,6,12,20,629017820,27112838,761892,34211,5000
313,9,17,34,35,43,45,1715422800,65977800,1531628,61548,5000
314,15,17,19,34,38,41,1660512200,69188009,1556244,60502,5000
315,1,13,33,35,43,45,1308728625,54530360,1641554,62091,5000
316,10,11,21,27,31,39,1673586400,57709876,1197130,48967,5000
318,2,17,19,20,34,45,1207436600,64684104,1311481,56531,5000
319,5,8,22,28,33,42,2135659380,68450622,1546235,59833,5000
320,16,19,23,25,41,45,5513067900,73507572,1699991,64412,5000
321,12,18,20,21,25,34,1959136100,55975318,1535374,56960,5000
322,9,18,29,32,38,43,1904544700,65673956,1300031,56158,5000
323,10,14,15,32,36,42,1461025388,72149402,1657902,64085,5000
324,2,4,21,25,33,36,1865130350,46628259,1518836,59710,5000
325,7,17,20,32,44,45,1806122450,54730984,1435710,57677,5000
326,16,23,25,33,36,39,1832134550,59101115,1372386,57177,5000
327,6,12,13,17,32,44,882674750,45265372,1421377,55515,5000
328,1,6,9,16,17,28,1819795900,60659864,1318693,54657,5000
329,9,17,19,30,35,42,1830391200,55466400,1506495,58376,5000
330,3,4,16,17,19,20,1162280200,54481885,1218324,50370,5000
331,4,9,14,26,31,44,2165902620,40109308,1322285,55866,5000
332,16,17,34,36,42,45,1359448388,48989132,1650818,60589,5000
333,5,14,27,30,39,43,1550987143,50263473,1325631,60326,5000
334,13,15,21,29,39,43,1523002972,57317317,1684206,67934,5000
335,5,9,16,23,26,45,2037492480,60639658,1389453,56057,5000
336,3,5,20,34,35,44,1685632650,56187755,1704381,61422,5000
337,1,5,14,18,32,37,1257500513,50808102,1404245,56462,5000
338,2,13,34,38,42,45,3383431000,43377321,1506426,62091,5000
339,6,8,14,21,30,37,1096778334,51411485,1486150,60324,5000
340,18,24,26,29,34,38,1439393186,47979773,1492705,59752,5000
341,1,8,19,34,39,43,1497207772,52931588,1414367,59458,5000
342,1,13,14,33,34,43,3454095800,59553376,1467331,61517,5000
343,1,10,17,29,31,43,1717153000,59212173,1566746,63842,5000
344,1,2,15,28,34,45,1467106543,74418448,1547581,60593,5000
345,15,20,23,29,39,42,5203577550,45645418,1687282,68394,5000
346,5,13,14,22,44,45,2017727340,64670749,1467225,61695,5000
347,3,8,13,27,32,42,1456624286,44720922,1214722,53306,5000
348,3,14,17,20,24,31,3299994000,44594514,1350244,50233,5000
349,5,13,14,20,24,25,3353209000,45313636,1435450,56511,5000
350,1,8,18,24,29,33,1101052467,71807770,1379765,57527,5000
351,5,25,27,29,34,36,2583357150,59387521,1514722,62094,5000
352,5,16,17,20,26,41,1732858250,59753733,1486157,58810,5000
353,11,16,19,22,29,36,5290838250,60814233,1692527,65058,5000
354,14,19,36,43,44,45,2124464340,52070205,1745944,65187,5000
355,5,8,29,30,35,44,2145424800,74493917,1634236,66058,5000
356,2,8,14,25,29,45,1157185267,46912917,1374330,56761,5000
357,10,14,18,21,36,37,5313394350,65597462,1587036,62643,5000
358,1,9,10,12,21,40,3472654900,39461988,1256388,50884,5000
359,1,10,19,20,24,40,1286712600,46368022,1036001,46822,5000
360,4,16,23,25,35,40,3566716200,54041155,1476290,59139,5000
361,5,10,16,24,27,35,1473115115,50548068,1174733,51039,5000
362,2,3,22,27,30,40,1729424650,66516333,1474361,60898,5000
363,11,12,14,21,32,38,2615910600,52846679,1434162,58451,5000
364,2,5,7,14,16,40,2531914800,45620087,1340702,53421,5000
365,5,15,21,25,26,30,10697716800,50941509,1509698,57081,5000
366,5,12,19,26,27,44,5351553900,45739777,1103186,49921,5000
367,3,22,25,29,32,44,1581736586,49874578,1759161,66912,5000
368,11,21,24,30,39,45,1465825115,45003403,1431071,59400,5000
370,16,18,24,42,44,45,1678941943,61211425,1677026,64701,5000
371,7,9,15,26,27,42,1524130543,61315597,1480560,57266,5000
372,8,11,14,16,18,21,1192593200,48348373,1307668,57186,5000
373,15,26,37,42,43,45,2791801125,64179337,1666250,64559,5000
374,11,13,15,17,25,34,5528717850,68255776,1318245,52816,5000
375,4,8,19,25,27,45,1581284058,43924558,1442402,56807,5000
376,1,11,13,24,28,40,1956915800,38370899,1386900,56355,5000
377,6,22,29,37,43,45,3912085400,88911032,1632757,66608,5000
378,5,22,29,31,34,39,2317698240,64380507,1718341,64659,5000
379,6,10,22,31,35,40,1598999786,26274645,1390090,60096,5000
380,1,2,8,17,26,37,2684274825,42607537,1222348,46132,5000
381,1,5,10,12,16,20,565738895,28895267,904345,43632,5000
382,10,15,22,24,27,42,1846674900,57708591,1523660,59315,5000
383,4,15,28,33,37,40,3596522100,64223609,1437459,59423,5000
384,11,22,24,32,36,38,3658734200,44618710,1505652,58927,5000
385,7,12,19,21,29,32,1542032700,49973282,1456712,57944,5000
386,4,7,10,19,31,40,1042953330,29461959,1032832,48150,5000
387,1,26,31,34,40,43,2675533500,68603424,1515454,61385,5000
388,1,8,9,17,29,32,2545543875,56567642,1337297,55211,5000
389,7,16,18,20,23,26,2119027020,49051552,1409303,58088,5000
390,16,17,28,37,39,40,10373997900,46729721,1590617,61934,5000
391,10,11,18,22,28,39,10508749800,54733072,1309992,57611,5000
392,1,3,7,8,24,42,1713528700,57117624,1139315,46358,5000
393,9,16,28,40,41,43,1362003975,51885866,1694035,64915,5000
394,1,13,20,22,25,28,10654349100,53809844,1474855,63081,5000
395,11,15,20,26,31,35,1534635000,42628750,1260851,55718,5000
396,18,20,31,34,40,45,5296622400,51927671,1468836,57336,5000
397,12,13,17,22,25,33,3499519700,56443867,1280937,52265,5000
398,10,15,20,23,42,44,2680625550,57647862,1607090,62263,5000
399,1,2,9,17,19,42,1276854975,42561833,1164483,44222,5000
400,9,21,27,34,41,43,2669834325,59329652,1419370,60192,5000
401,6,12,18,31,38,43,1168214792,60424904,1293227,50000,5000
402,5,9,15,19,22,36,2662206188,43287906,1396385,50000,5000
403,10,14,22,24,28,37,2122396875,41131723,1338883,50000,5000
404,5,20,21,24,33,40,3566659375,68589604,1400888,50000,5000
405,1,2,10,25,26,44,3543878000,50626829,1381091,50000,5000
406,7,12,21,24,27,36,2156142450,54448042,1246038,50000,5000
407,6,7,13,16,24,25,1649707286,71283649,1517870,50000,5000
408,9,20,21,22,30,37,2235375825,56448885,1497439,50000,5000
409,6,9,21,31,32,40,2896989750,53647959,1463127,50000,5000
410,1,3,18,32,40,41,1249335709,50648745,1438223,50000,5000
411,11,14,22,35,37,39,953227563,52957087,1446476,50000,5000
412,4,7,39,41,42,45,1656199822,56830387,1579913,50000,5000
413,2,9,15,23,34,40,2814673500,52123584,1493989,50000,5000
414,2,14,15,22,23,44,11703832500,55732536,1598885,50000,5000
415,7,17,20,26,30,40,1334182407,50825997,1120927,50000,5000
416,5,6,8,11,22,26,1072037100,55835266,1190359,50000,5000
417,4,5,14,20,22,43,2818329938,55261372,1590929,50000,5000
418,11,13,15,26,28,34,1435649766,41613037,1454560,50000,5000
419,2,11,13,14,28,30,3796490750,57522588,1589821,50000,5000
420,4,9,10,29,31,34,1424856375,54280243,1600513,50000,5000
422,8,15,19,21,34,44,2205251375,105011971,1705531,50000,5000
423,1,17,27,28,29,40,3896153875,41448446,1360389,50000,5000
424,10,11,26,31,34,44,1109480813,36257543,1096759,50000,5000
425,8,10,14,27,33,38,1534833000,49913269,1577829,50000,5000
426,4,17,18,27,39,43,3057233625,32351679,1393135,50000,5000
427,6,7,15,24,28,30,12571445625,63492150,1480736,50000,5000
428,12,16,19,22,37,40,1437683209,71884161,1375335,50000,5000
429,3,23,28,34,39,42,1485904709,60239381,1604649,50000,5000
430,1,3,16,18,30,34,1611763219,47755948,1483104,50000,5000
431,18,22,25,31,38,45,1268434013,49164110,1581195,50000,5000
432,2,3,5,11,27,39,2299427550,39920618,1096846,50000,5000
433,19,23,29,33,35,43,1182294410,52866824,1696041,50000,5000
434,3,13,20,24,33,37,1480060266,53335506,1056998,50000,5000
435,8,16,26,30,38,45,1287550013,69223119,1504851,50000,5000
436,9,14,20,22,33,34,1512266579,45826260,1414987,50000,5000
437,11,16,29,38,41,44,2096245438,63522590,1630051,50000,5000
438,6,12,20,26,29,38,1377142167,50383250,1585352,50000,5000
439,17,20,30,31,37,40,1900077375,57578103,1322253,50000,5000
440,10,22,28,34,36,44,1995873000,48679830,1335033,50000,5000
441,1,23,28,30,34,35,3170417063,50324081,1875432,50000,5000
442,25,27,29,36,38,40,1413413042,78522947,1668073,50000,5000
443,4,6,10,19,20,44,1327597584,48570644,1193883,50000,5000
444,11,13,23,35,43,45,4154188625,79888243,1635508,50000,5000
445,13,20,21,30,39,45,1791683036,74653460,1766946,50000,5000
446,1,11,12,14,26,35,4051247625,49405459,1473181,50000,5000
447,2,7,8,9,17,33,2657941125,57160025,1029612,50000,5000
448,3,7,13,27,40,41,4026212750,57517325,1415687,50000,5000
449,3,10,20,26,35,43,4059715250,52047632,1567458,50000,5000
450,6,14,19,21,23,31,1990391625,58540931,1475458,50000,5000
451,12,15,20,24,30,38,882138952,61654873,1185671,50000,5000
452,8,10,18,30,32,34,1276902000,39903188,1475619,50000,5000
453,12,24,33,38,40,42,2262732375,52378065,1335419,50000,5000
454,13,25,27,34,38,41,1609125590,43658447,1343818,50000,5000
455,4,19,20,26,30,35,1635711483,59635315,1317908,50000,5000
456,1,7,12,18,23,27,1598505054,47818528,1154037,50000,5000
457,8,10,18,23,27,40,1159902825,41131306,1283647,50000,5000
458,4,9,10,32,36,40,1608812625,41251606,1496918,50000,5000
459,4,6,10,14,25,40,1655842233,41995999,1260977,50000,5000
460,8,11,28,30,43,45,3180895782,70686573,1622493,50000,5000
461,11,18,26,31,37,40,1948674875,60896090,1134931,50000,5000
462,3,20,24,32,37,45,1483559297,50719976,1418996,50000,5000
463,23,29,31,33,34,44,0,54687384,1613584,50000,5000
464,6,12,15,34,42,44,3355721106,67273025,1668457,50000,5000
465,1,8,11,13,22,38,1923662893,48788552,1295023,50000,5000
466,4,10,13,23,32,44,1530313459,41735822,1314703,50000,5000
467,2,12,14,17,24,40,1435441084,65247322,1188936,50000,5000
468,8,13,15,28,37,43,1527197167,69418054,1572269,50000,5000
469,4,21,22,34,37,38,3330131250,67275379,1738519,50000,5000
470,10,16,20,39,41,42,4333330625,80246864,1558753,50000,5000
471,6,13,29,37,39,41,1939332858,75418500,1856075,50000,5000
472,16,25,26,31,36,43,1809656090,91794150,1561587,50000,5000
473,8,13,20,22,23,36,3250418063,60192928,1650378,50000,5000
475,1,9,14,16,21,29,1693923047,68441336,1519896,50000,5000
476,9,12,13,15,37,38,3439851469,67448069,1772206,50000,5000
477,14,25,29,32,33,45,1919011829,77535832,1735877,50000,5000
478,18,29,30,37,39,43,987224759,65814984,1792627,50000,5000
479,8,23,25,27,35,44,2233046500,65677839,1607665,50000,5000
480,3,5,10,17,30,31,2996742282,39956564,1007478,50000,5000
481,3,4,23,29,40,41,4639355750,68225820,1792642,50000,5000
482,1,10,16,24,25,35,1897921179,73808046,1350971,50000,5000
483,12,15,19,22,28,34,2567196675,40364728,1134322,50000,5000
484,1,3,27,28,32,45,2305303063,72040721,1716533,50000,5000
485,17,22,26,27,36,39,1501474917,68248860,1601859,50000,5000
486,1,2,23,25,38,40,1008634125,75357722,1455946,50000,5000
487,4,8,25,27,37,41,1638830766,47502342,1376880,50000,5000
488,2,8,17,30,31,38,1330393575,67191595,1648567,50000,5000
489,2,4,8,15,20,27,2106360625,40506936,1369546,50000,5000
490,2,7,26,29,40,43,1860234161,74837007,1599318,50000,5000
491,8,17,35,36,39,42,3304634438,71067408,1619919,50000,5000
492,22,27,31,35,37,40,2493013800,51937788,1448753,50000,5000
493,20,22,26,33,36,37,1451120334,80617797,1621968,50000,5000
494,5,7,8,15,30,43,1054588407,52729421,1370486,50000,5000
495,4,13,22,27,34,44,2111645000,47991932,1346713,50000,5000
496,4,13,20,29,36,41,3285932250,47622207,1577122,50000,5000
497,19,20,23,24,43,44,2222817813,74093928,1936253,50000,5000
498,13,14,24,32,39,41,3244503094,61800059,1621441,50000,5000
499,5,20,23,27,35,40,4070480250,44244351,1344281,50000,5000
500,3,4,12,20,24,34,1351072375,29803068,1106832,50000,5000
501,1,4,10,17,31,42,3025200094,33062297,1230507,50000,5000
502,6,22,28,32,34,40,2201458125,71014779,1485465,50000,5000
503,1,5,27,30,34,36,1853634911,51489859,1673819,50000,5000
504,6,14,22,26,43,44,1443236959,74650188,1672995,50000,5000
505,7,20,22,25,38,40,1917955188,50472505,1331914,50000,5000
506,6,9,11,22,24,30,4073333875,61717180,1282536,50000,5000
507,12,13,32,33,40,41,1416438875,73264080,1442403,50000,5000
508,5,27,31,34,35,43,1599557860,68798188,1336306,50000,5000
509,12,25,29,35,42,43,2689076100,65908728,1824835,50000,5000
510,12,29,32,33,39,40,2644158150,88138605,1670558,50000,5000
511,3,7,14,23,26,42,2165579250,58529169,1420984,50000,5000
512,4,5,9,13,26,27,940094452,39170603,1210982,50000,5000
513,5,8,21,23,27,33,4589624750,42496526,1411324,50000,5000
514,1,15,20,26,35,42,4451055500,61820216,1634015,50000,5000
515,2,11,12,15,23,37,13200466875,62859367,1517296,50000,5000
516,2,8,23,41,43,44,1294190182,74146313,1773305,50000,5000
517,1,9,12,28,36,41,2659057725,55397036,1484181,50000,5000
518,14,23,30,32,34,38,2263804125,66582475,1678135,50000,5000
519,6,8,13,16,30,43,1950601393,71115676,1677010,50000,5000
520,4,22,27,28,38,40,2167205438,58573120,1332026,50000,5000
521,3,7,18,29,32,36,1693420922,42601785,1400679,50000,5000
522,4,5,13,14,37,41,2281623000,58503154,1526170,50000,5000
523,1,4,37,38,40,45,1780355840,48304229,1334029,50000,5000
524,10,11,29,38,41,45,3491695594,64661030,1739759,50000,5000
525,11,23,26,29,39,44,1501132375,54919478,1459300,50000,5000
527,1,12,22,32,33,42,1032386366,77132315,1137183,50000,5000
528,5,17,25,31,39,40,1197889125,25536397,1212662,50000,5000
529,18,20,24,27,31,42,1749114797,70671305,1552699,50000,5000
530,16,23,27,29,33,41,1231656239,56450911,1558342,50000,5000
531,1,5,9,21,27,35,1521519750,54339992,1410557,50000,5000
532,16,17,23,24,29,44,2216896286,99476116,1747554,50000,5000
533,9,14,15,17,31,33,1785671579,54111260,1569477,50000,5000
534,10,24,26,29,37,38,14215763250,43078071,1541506,50000,5000
535,11,12,14,15,18,39,4935603000,79606500,1632144,50000,5000
536,7,8,18,32,37,43,1308523603,59973999,1431361,50000,5000
537,12,23,26,30,36,43,2104038911,70134631,1699940,50000,5000
538,6,10,18,31,32,34,4688021625,48833559,1359636,50000,5000
539,3,19,22,31,42,43,1621036667,57894167,1600761,50000,5000
540,3,12,13,15,34,36,1989365250,89266390,1647216,50000,5000
541,8,13,26,28,32,34,1269327171,58177496,1611565,50000,5000
542,5,6,19,26,41,45,2335152563,89813561,1603814,50000,5000
543,13,18,26,31,34,44,1112934844,47358930,1131032,50000,5000
544,5,17,21,25,36,44,1046388433,48237765,1484725,50000,5000
545,4,24,25,27,34,35,1198994353,52337056,1468375,50000,5000
546,8,17,20,27,37,43,405939950,36903632,652637,50000,5000
547,6,7,15,22,34,39,2838444450,43803156,1528018,50000,5000
548,1,12,13,21,32,45,1736871891,50344113,1406944,50000,5000
549,29,31,35,38,40,44,1760805047,67078288,1578844,50000,5000
550,1,7,14,20,34,37,1118679205,35360550,751801,50000,5000
551,3,6,20,24,27,44,13526973750,70452989,1565622,50000,5000
552,1,10,20,32,35,40,1330824225,49289787,1226793,50000,5000
553,2,7,17,28,29,39,2249631438,43262144,1365897,50000,5000
554,13,14,17,32,41,42,6813893625,55397510,1530525,50000,5000
555,11,17,21,24,26,36,1711027360,49594996,1468063,50000,5000
556,12,20,23,28,30,44,2005209161,57058798,1657981,50000,5000
557,4,20,26,28,35,40,1888069286,51226687,1465568,50000,5000
558,12,15,19,26,40,43,1315913663,43003715,1557663,50000,5000
559,11,12,25,32,44,45,1926145608,53504045,1434975,50000,5000
560,1,4,20,23,29,45,1976697215,57653669,1562431,50000,5000
561,5,7,18,37,42,45,2753712225,55969761,1600252,50000,5000
562,4,11,13,17,20,31,1166694614,41940003,1195607,50000,5000
563,5,10,16,17,31,32,1932735643,59338375,1373239,50000,5000
564,14,19,25,26,27,34,1934801143,70539625,1368871,50000,5000
565,4,10,18,27,40,45,1742064469,59557760,1244777,50000,5000
566,4,5,6,25,26,43,3508951032,66837163,1504374,50000,5000
567,1,10,15,16,32,41,2318659438,43748292,1498811,50000,5000
568,1,3,17,20,31,44,1305167550,43505585,1179014,50000,5000
569,3,6,13,23,24,35,3467925188,64220837,1355188,50000,5000
570,1,12,26,27,29,33,1527791625,60307565,1456890,50000,5000
571,11,18,21,26,38,43,1966538465,69524088,1523437,50000,5000
572,3,13,18,33,37,45,1668216188,41967703,1282750,50000,5000
573,2,4,20,34,35,43,1645691766,43885114,1352809,50000,5000
574,14,15,16,19,25,43,6965184938,70355404,1844106,50000,5000
575,2,8,20,30,33,34,1699267875,50348678,1522642,50000,5000
576,10,11,15,25,35,41,4321966000,40018204,1384359,50000,5000
577,16,17,22,31,34,37,4484438375,53386172,1469345,50000,5000
579,5,7,20,22,37,42,1396068444,55640409,1446840,50000,5000
580,5,7,9,11,32,35,2028610500,56350292,1421449,50000,5000
581,3,5,14,20,42,44,1844554547,63061694,1777028,50000,5000
582,2,12,14,33,40,41,3560558719,41643962,1455369,50000,5000
583,8,17,27,33,40,44,1341848353,48236379,1347238,50000,5000
584,7,18,30,39,40,41,5033183250,78643489,1718984,50000,5000
585,6,7,10,16,38,41,1620546334,54018212,1590851,50000,5000
586,2,7,12,15,21,34,1778354344,51546503,1510280,50000,5000
587,14,21,29,31,32,37,4974577375,57843923,1730890,50000,5000
588,2,8,15,22,25,41,2889342075,55995002,1436626,50000,5000
589,6,8,28,33,38,39,2136877983,59357722,1599118,50000,5000
590,20,30,36,38,41,45,2185183983,82238107,1860863,50000,5000
591,8,13,14,30,38,39,2964676200,65014829,1665923,50000,5000
592,2,5,6,13,28,44,2356381688,84156489,1675948,50000,5000
593,9,10,13,24,33,38,1532833500,37084682,1264715,50000,5000
594,2,8,13,25,28,37,1255592796,54807623,1315383,50000,5000
595,8,24,28,35,38,40,1744525219,43074697,1549656,50000,5000
596,3,4,12,14,25,43,1328267663,53994621,1340872,50000,5000
597,8,10,23,24,35,43,1057920606,49829594,1496189,50000,5000
598,4,12,24,33,38,45,833998594,44479925,1083291,50000,5000
599,5,12,17,29,34,35,1710918329,53051732,1353843,50000,5000
600,5,11,14,27,29,36,901798725,54987728,1485176,50000,5000
601,2,16,19,31,34,35,1524565209,81673137,1508475,50000,5000
602,13,14,22,27,30,38,1689530860,53635901,1344901,50000,5000
603,2,19,25,26,27,43,3452136563,76714146,1688500,50000,5000
604,2,6,18,21,33,34,1229141557,62595172,1553016,50000,5000
605,1,2,7,9,10,38,1394232250,52283710,914851,50000,5000
606,1,5,6,14,20,39,1311566850,49680563,1417604,50000,5000
607,8,14,23,36,38,39,3494480907,66561542,1608878,50000,5000
608,4,8,18,19,39,44,1943530018,70857866,1495681,50000,5000
609,4,8,27,34,39,40,6339311438,44959656,1303581,50000,5000
610,14,18,20,23,28,36,3516018375,68941537,1676690,50000,5000
611,2,22,27,33,36,37,3502706157,49683776,1571425,50000,5000
612,6,9,18,19,25,33,1181705250,36719655,1181921,50000,5000
613,7,8,11,16,41,44,1549831209,77491561,1511539,50000,5000
614,8,21,25,39,40,44,2540975438,55238597,1668402,50000,5000
615,10,17,18,19,23,27,1535062417,74277214,1378799,50000,5000
616,5,13,18,23,40,45,1611811250,49341161,1422187,50000,5000
617,4,5,11,12,24,27,1629701860,50533391,1090284,50000,5000
618,8,16,25,30,42,43,2881326225,53357894,1518726,50000,5000
619,6,8,13,30,35,40,4612479375,39088809,1347103,50000,5000
620,2,16,17,32,39,45,2028283233,53780238,1424643,50000,5000
621,1,2,6,16,19,42,2359723500,38060057,1517508,50000,5000
622,9,15,16,21,28,34,1630598292,71938160,1501472,50000,5000
623,7,13,30,39,41,45,1813702594,69093433,1660900,50000,5000
624,1,7,19,26,27,35,2763729450,37755867,1463220,50000,5000
625,3,6,7,20,21,39,2765184675,51207124,1393181,50000,5000
626,13,14,26,33,40,43,1717871110,50899885,1296996,50000,5000
627,2,9,22,25,31,45,1352230650,64391936,1471096,50000,5000
628,1,7,12,15,23,42,1499942875,60808495,1382012,50000,5000
629,19,28,31,38,43,44,2919433575,71554745,1841682,50000,5000
631,1,2,4,23,31,34,3919853532,56809472,1559210,50000,5000
632,15,18,21,32,35,44,1432587716,50507901,1596603,50000,5000
633,9,12,19,20,39,41,1217257094,51798175,1360825,50000,5000
634,4,10,11,12,20,27,1077935106,43250483,1057757,50000,5000
635,11,13,25,26,29,33,1855587235,70689038,1499465,50000,5000
636,6,7,15,16,20,31,1832362219,55526128,1238292,50000,5000
637,3,16,22,37,38,44,3899241094,57766535,1587963,50000,5000
638,7,18,22,24,31,34,2229403179,63438302,1513072,50000,5000
639,6,15,22,23,25,32,4061185219,60165707,1663058,50000,5000
640,14,15,18,21,26,35,1728768834,54024027,1582156,50000,5000
641,11,18,21,36,37,43,1990074563,53068655,1695485,50000,5000
642,8,17,18,24,39,45,1251460438,40369692,1379020,50000,5000
643,15,24,31,32,33,40,2535763625,58971248,1662796,50000,5000
644,5,13,17,23,28,36,1831451204,49835407,1299593,50000,5000
645,1,4,16,26,40,41,3696297750,88007090,1395356,50000,5000
646,2,9,24,41,43,45,2215498393,71798560,1698258,50000,5000
647,5,16,21,23,24,30,2189725608,58060907,1600677,50000,5000
648,13,19,28,37,38,43,2120987947,54988577,1517159,50000,5000
649,3,21,22,33,41,42,2948042100,54593373,1454531,50000,5000
650,3,4,7,11,31,41,2849298900,52764795,1308940,50000,5000
651,11,12,16,26,29,44,1855306454,70678342,1468968,50000,5000
652,3,13,15,40,41,44,3003483525,69525082,1664165,50000,5000
653,5,6,26,27,38,39,980958670,40873278,1146172,50000,5000
654,16,21,26,31,36,43,1879301391,36315003,1402203,50000,5000
655,7,37,38,39,40,44,1661439625,60784377,1547926,50000,5000
656,3,7,14,16,31,40,7330002750,50902797,1398589,50000,5000
657,10,14,19,39,40,43,1694762792,48887389,1627494,50000,5000
658,8,19,25,28,32,36,1634031375,64501239,1460696,50000,5000
659,7,18,19,27,29,42,1336604216,61261027,1388352,50000,5000
660,4,9,23,33,39,44,1421272575,49349743,1214141,50000,5000
661,2,3,12,20,27,38,1713025547,36254509,1248107,50000,5000
662,5,6,9,11,15,37,1689733688,52394844,1260761,50000,5000
663,3,5,8,19,38,42,2080244143,40449192,1491673,50000,5000
664,10,20,33,36,41,44,1536801338,58212172,1674076,50000,5000
665,5,6,11,17,38,44,3643230375,80960675,1356883,50000,5000
666,2,4,6,11,17,28,2396901063,50997895,1231074,50000,5000
667,15,17,25,37,42,43,2228764393,65005629,1685176,50000,5000
668,12,14,15,24,27,32,2991158625,44511290,1330824,50000,5000
669,7,8,20,29,33,38,2708173188,52080254,1389520,50000,5000
670,11,18,26,27,40,41,1191725219,61114114,1111166,50000,5000
671,7,9,10,13,31,35,3722322844,51698929,1395697,50000,5000
672,8,21,28,31,36,45,1754745000,57219946,1615788,50000,5000
673,7,10,17,29,33,44,1491453300,71021586,1333560,50000,5000
674,9,10,14,25,27,31,1770565500,49182375,1278849,50000,5000
675,1,8,11,15,18,45,3514549032,36046657,1297361,50000,5000
676,1,8,17,34,39,45,1879726500,39782572,1505287,50000,5000
677,12,15,24,36,41,44,1921114407,69229348,1505871,50000,5000
678,4,5,6,12,25,37,2288490188,55816834,1233688,50000,5000
679,3,5,7,14,26,34,2863005600,44182186,1304450,50000,5000
680,4,10,19,29,32,42,1110570563,58893894,1385739,50000,5000
681,21,24,27,29,43,44,2696328938,72873756,1871152,50000,5000
683,6,13,20,27,28,40,1010930883,59907016,996974,50000,5000
684,1,11,15,17,25,39,1688815709,40858445,1287208,50000,5000
685,6,7,12,28,38,40,1494367671,52686040,1434385,50000,5000
686,7,12,15,24,25,43,1937531719,71760435,1386676,50000,5000
687,1,8,10,13,28,42,2720029313,71579719,1528107,50000,5000
688,5,15,22,23,34,35,1967536750,55685003,1400715,50000,5000
689,7,17,19,30,36,38,2321775911,61562241,1497368,50000,5000
690,24,25,33,34,38,39,1126507625,82831444,1589317,50000,5000
691,15,27,33,35,43,45,2839296750,91590218,1662352,50000,5000
692,3,11,14,15,32,36,2301273697,61018621,1516848,50000,5000
693,1,6,11,28,34,42,1642763813,63673016,1618168,50000,5000
694,7,15,20,25,33,43,1555036388,33227274,1133739,50000,5000
695,4,18,26,33,34,38,1450214830,40283746,1343471,50000,5000
696,1,7,16,18,34,38,1632054413,61820243,1580530,50000,5000
697,2,5,8,11,33,39,1531443038,28360057,1315673,50000,5000
698,3,11,13,21,33,37,1921084125,53363448,1226746,50000,5000
699,4,5,8,16,21,29,1995411375,53210970,1478905,50000,5000
700,11,23,28,29,30,44,2082099188,67710543,1777294,50000,5000
701,3,10,14,16,36,38,1583183175,65965966,1590500,50000,5000
702,3,13,16,24,26,29,1465091387,58391324,1476636,50000,5000
703,10,28,31,33,41,44,3235784100,52872290,1568637,50000,5000
704,1,4,8,23,33,42,3865190344,54825395,1351938,50000,5000
705,1,6,17,22,28,45,3987206532,54247708,1472653,50000,5000
706,3,4,6,10,28,30,3831746063,50088184,1211811,50000,5000
707,2,12,19,24,39,44,1322167313,35734252,1318213,50000,5000
708,2,10,16,19,34,45,4099552219,52558362,1596399,50000,5000
709,10,18,30,36,39,44,1165271625,61794708,1603165,50000,5000
710,3,4,9,24,25,33,2895441150,42331011,1212497,50000,5000
711,11,15,24,35,37,45,2277413358,60385961,1424656,50000,5000
712,17,20,30,31,33,45,4034485125,57226740,1557416,50000,5000
713,2,5,15,18,19,23,1714720917,51441628,1436115,50000,5000
714,1,7,22,33,37,40,2085131733,52883776,1198943,50000,5000
715,2,7,27,33,41,44,2605510438,42713286,1391090,50000,5000
716,2,6,13,16,29,30,1358752157,77642981,1559096,50000,5000
717,2,11,19,25,28,32,2702433688,57498590,1369015,50000,5000
718,4,11,20,23,32,39,926166464,41002162,1091572,50000,5000
719,4,8,13,19,20,43,1879581334,48609863,1395729,50000,5000
720,1,12,29,34,36,37,1233770358,77805338,1619122,50000,5000
721,1,28,35,41,43,44,2273767360,75792246,1886553,50000,5000
722,12,14,21,30,39,43,4365422719,63266996,1724101,50000,5000
723,20,30,33,35,36,44,2114365360,70478846,1586469,50000,5000
724,2,8,33,35,37,41,1427789813,51919630,1557873,50000,5000
725,6,7,19,21,41,43,1579217250,61600673,1612943,50000,5000
726,1,11,21,23,34,44,1166872634,48619694,1297143,50000,5000
727,7,8,10,19,21,31,1115107742,29907105,1260620,50000,5000
728,3,6,10,30,34,37,3243464400,48265840,1446168,50000,5000
729,11,17,21,26,36,45,4198250719,79966681,1492712,50000,5000
730,4,10,14,15,18,22,2017382110,59774285,1544999,50000,5000
731,2,7,13,25,42,45,2340471054,60678880,1431106,50000,5000
732,2,4,5,17,27,32,2203270608,57121831,1247202,50000,5000
733,11,24,32,33,35,40,4016725125,46979242,1362064,50000,5000
734,6,16,37,38,41,45,1949395500,81224813,1663307,50000,5000
736,2,11,17,18,21,27,3397362225,52428430,1258283,50000,5000
737,13,15,18,24,27,41,4283061000,59486959,1474122,50000,5000
738,23,27,28,38,42,43,1634191091,62417021,1826840,50000,5000
739,7,22,29,33,34,35,4744122282,70283294,1628604,50000,5000
740,4,8,9,16,17,19,936929792,65367195,1148668,50000,5000
741,5,21,27,34,44,45,3043595938,55338108,1664077,50000,5000
742,8,10,13,36,37,40,1111814813,67382716,1492870,50000,5000
743,15,19,21,34,41,44,2608641000,66161185,1535527,50000,5000
744,10,15,18,21,34,41,1155411575,47352934,1039414,50000,5000
745,1,2,3,9,12,23,746822982,22631000,674272,50000,5000
746,3,12,33,36,42,45,2038623709,52723027,1606059,50000,5000
747,7,9,12,14,23,28,1903214584,48386812,1287696,50000,5000
748,3,10,13,22,31,32,1928246542,49023218,1493222,50000,5000
749,12,14,24,26,34,45,1350104395,45706660,1473666,50000,5000
750,1,2,15,19,24,36,2522104286,66873978,1653994,50000,5000
751,3,4,16,20,28,44,2097968110,40540447,1265743,50000,5000
752,4,16,20,33,40,43,1870358834,37407177,1377966,50000,5000
753,2,17,19,24,37,41,2711105063,46743191,1401813,50000,5000
754,2,8,17,24,29,31,3427542000,57125700,1538947,50000,5000
755,13,14,26,28,30,36,2214427266,54677217,1600309,50000,5000
756,10,14,16,18,27,28,3414434700,53686081,1524846,50000,5000
757,6,7,11,17,33,44,739839858,38079993,974573,50000,5000
758,5,9,12,30,39,43,2078969954,43999365,1277401,50000,5000
759,9,33,36,40,42,43,3032670500,68924330,1722130,50000,5000
760,10,22,27,31,42,43,2253299391,66764427,1717782,50000,5000
761,4,7,11,24,42,45,2392730518,53683057,1305058,50000,5000
762,1,3,12,21,26,41,1631432063,51302896,1330261,50000,5000
763,3,8,16,32,34,43,2138130000,63352000,1412006,50000,5000
764,7,22,24,31,34,36,2459975465,65226623,1504178,50000,5000
765,1,3,8,12,42,43,1109214250,51352512,1307419,50000,5000
766,9,30,34,35,39,41,2173637297,70687392,1671386,50000,5000
767,5,15,20,31,34,42,1163768725,63248301,1527256,50000,5000
768,7,27,29,30,38,44,1363572260,55743521,1597841,50000,5000
769,5,7,11,16,41,45,1930760042,52657093,1476117,50000,5000
770,1,9,12,23,39,43,2163099329,38455100,1252882,50000,5000
771,6,10,17,18,21,29,4362644907,59355714,1415984,50000,5000
772,5,6,11,14,21,41,1769608838,55648077,1455032,50000,5000
773,8,12,19,21,31,35,1609403080,50871937,1409061,50000,5000
774,12,15,18,28,34,42,1709721512,52241491,1602500,50000,5000
775,11,12,29,33,38,42,3470437650,78163011,1682392,50000,5000
776,8,9,18,21,28,40,2557579393,59676853,1491176,50000,5000
777,6,12,17,21,34,37,833468036,44199063,1208926,50000,5000
778,6,21,35,36,37,41,6264069500,46746788,1809379,50000,5000
779,6,12,19,24,34,41,1527709296,42436370,1118978,50000,5000
780,15,17,19,21,27,45,1667520137,67936006,1818632,50000,5000
781,11,16,18,19,24,39,1882891542,54314180,1435861,50000,5000
782,6,18,31,34,38,45,1946487625,59586356,1426347,50000,5000
783,14,15,16,17,38,45,4603964625,85258605,1642221,50000,5000
784,3,10,23,24,31,39,1908678000,56137589,1268506,50000,5000
785,4,6,15,25,26,33,2886622688,52484049,1463805,50000,5000
786,12,15,16,20,24,30,4551365250,31606704,1470080,50000,5000
788,2,10,11,19,35,39,1401475154,43378993,1345384,50000,5000
789,2,6,7,12,19,45,1140976825,40749173,1170473,50000,5000
790,3,8,19,27,30,41,1160516274,52452713,1280394,50000,5000
791,2,10,12,31,33,42,1253081893,76943625,1213219,50000,5000
792,2,7,19,25,29,36,2655736768,47667071,1582411,50000,5000
793,10,15,21,35,38,43,3750146775,51231514,1529674,50000,5000
794,6,7,18,19,30,38,2650940304,68728082,1186331,50000,5000
795,3,10,13,26,34,38,1714977000,50711686,1297617,50000,5000
796,1,21,26,36,40,41,2763490340,70088524,1678331,50000,5000
797,5,22,31,32,39,45,2397028125,94001103,1710941,50000,5000
798,2,10,14,22,32,36,2710791911,52709843,1488979,50000,5000
799,12,17,23,34,42,45,1826427225,54357954,1357737,50000,5000
800,1,4,10,12,28,45,1632246205,58675518,1373315,50000,5000
801,17,25,28,37,43,44,2256786657,59000959,1505278,50000,5000
802,10,11,12,18,24,42,1082947993,43102408,1308501,50000,5000
803,5,9,14,26,30,43,3663810225,61063504,1458059,50000,5000
804,1,10,13,26,32,36,1631996523,61061095,1460935,50000,5000
805,3,12,13,18,31,32,4266061969,53661157,1370623,50000,5000
806,14,20,23,31,37,38,2640760875,54050662,1665345,50000,5000
807,6,10,18,25,34,35,2437662322,48202363,1226365,50000,5000
808,15,21,31,32,41,43,3087620500,67122185,1573711,50000,5000
809,6,11,15,17,23,40,2921372750,52167371,1340695,50000,5000
810,5,10,13,21,39,43,2231598047,46491626,1449325,50000,5000
811,8,11,19,21,36,45,2524148197,60098767,1369057,50000,5000
812,1,3,12,14,16,43,2947954750,43352276,1491880,50000,5000
813,11,30,34,35,42,44,4591763157,71190127,1700654,50000,5000
814,2,21,28,38,42,45,3067192063,58984463,1673319,50000,5000
815,17,21,25,26,27,36,2579855358,77175161,1767371,50000,5000
816,12,18,19,29,31,39,2128107938,42350407,1374747,50000,5000
817,3,9,12,13,25,43,1868477334,51902149,1355279,50000,5000
818,14,15,25,28,29,30,1380804318,76711351,1621541,50000,5000
819,16,25,33,38,40,45,2594534840,61774640,1527995,50000,5000
820,10,21,22,30,35,42,4627313532,51414595,1552530,50000,5000
821,1,12,13,24,29,44,1316155956,55836920,1462396,50000,5000
822,9,18,20,24,27,36,5930898625,37537334,1377357,50000,5000
823,12,18,24,26,39,40,2009843917,49422392,1283972,50000,5000
824,7,9,24,29,34,38,1256646550,61600322,1491746,50000,5000
825,8,15,21,31,33,38,1658710563,62592852,1475065,50000,5000
826,13,16,24,25,33,36,2075192084,66229535,1394619,50000,5000
827,5,11,12,29,33,44,1206500375,65570673,1427474,50000,5000
828,4,7,13,29,31,39,1455185972,50853274,1602085,50000,5000
829,4,5,31,35,43,45,2444650641,72434094,1774379,50000,5000
830,5,6,16,18,37,38,2060528750,38634915,1442948,50000,5000
831,3,10,16,19,31,39,1110702258,48555290,1113486,50000,5000
832,13,14,19,26,40,43,2088204584,52205115,1465750,50000,5000
833,12,18,30,39,41,42,2356317282,59278423,1615299,50000,5000
834,6,8,18,35,42,43,1690693671,65949044,1575804,50000,5000
835,9,10,13,28,38,45,1233681125,53175911,1337469,50000,5000
836,1,9,11,14,26,28,1257843670,47338203,1316130,50000,5000
837,2,25,28,30,33,45,3144449125,66903173,1562848,50000,5000
838,9,14,17,33,36,38,3813733050,46736925,1431582,50000,5000
840,2,4,11,28,29,43,2042961788,66763458,1496676,50000,5000
841,5,11,14,30,33,38,1116095714,35934900,1269989,50000,5000
842,14,26,32,36,39,42,2035475025,80772819,1663786,50000,5000
843,19,21,30,33,34,42,4012970100,64310419,1670401,50000,5000
844,7,8,13,15,33,45,1162963542,47793023,1450080,50000,5000
845,1,16,29,33,40,45,1891217182,61914849,1701292,50000,5000
846,5,18,30,41,43,45,1596884395,50143713,1732557,50000,5000
847,12,16,26,28,30,42,2520846657,84028222,1375821,50000,5000
848,1,2,16,22,38,39,3011580858,83655024,1665961,50000,5000
849,5,13,17,29,34,39,1158252883,58602081,1223608,50000,5000
850,16,20,24,28,36,39,3377587875,61410689,1669594,50000,5000
851,14,18,22,26,31,44,2483692313,47308425,1576197,50000,5000
852,11,17,28,30,33,35,4801543407,47776552,1375013,50000,5000
853,2,8,23,26,27,44,2885006786,37398237,1667910,50000,5000
854,20,25,31,32,36,43,3421706750,77766063,1834696,50000,5000
855,8,15,17,19,43,44,2269510500,55807636,1683614,50000,5000
856,10,24,40,41,43,44,3977927550,62546031,1700842,50000,5000
857,6,10,16,28,34,38,1284915425,51811106,1357114,50000,5000
858,9,13,32,38,39,43,2202347459,80573688,1592059,50000,5000
859,8,22,35,38,39,41,1853927489,66644453,1793598,50000,5000
860,4,8,18,25,27,32,1879899825,50534942,1339533,50000,5000
861,11,17,19,21,22,25,4872108844,49970348,1439749,50000,5000
862,10,34,38,40,42,43,2190922709,52164827,1609395,50000,5000
863,16,21,28,35,39,43,2853357322,52014327,1630224,50000,5000
864,3,7,10,13,25,36,1716553637,49172110,1275645,50000,5000
865,3,15,22,32,33,45,1551729145,64655382,1619499,50000,5000
866,9,15,29,34,37,39,2240409000,49420787,1651408,50000,5000
867,14,17,19,22,24,40,3933755250,57511042,1507186,50000,5000
868,12,17,28,41,43,44,3233804250,53013185,1502698,50000,5000
869,2,6,20,27,37,39,1922582588,57219720,1449912,50000,5000
870,21,25,30,32,40,42,1928842988,66973715,1581279,50000,5000
871,2,6,12,26,30,34,2718071358,51984972,1421374,50000,5000
872,2,4,30,32,33,43,1262705579,73200324,1668591,50000,5000
873,3,5,12,13,33,39,1874553225,45944932,1315476,50000,5000
874,1,15,19,23,28,42,1117123917,49284879,1496149,50000,5000
875,19,22,30,34,39,44,1415946724,100117446,1450341,50000,5000
876,5,16,21,26,34,42,1090657856,58538134,1423054,50000,5000
877,5,17,18,22,23,43,1716607188,45776192,1584317,50000,5000
878,2,6,11,16,25,31,3207993500,46492660,1079769,50000,5000
879,1,4,10,14,15,35,3206361313,41641057,1236069,50000,5000
880,7,17,19,23,24,45,2837810465,63668825,1419717,50000,5000
881,4,18,20,26,27,32,2503212282,49815170,1524722,50000,5000
882,18,34,39,43,44,45,4127270400,78168000,1651966,50000,5000
883,9,18,32,33,37,44,1360519525,52327675,1340150,50000,5000
884,4,14,23,28,37,45,1799077282,48623711,1630338,50000,5000
885,1,3,24,27,39,45,1543832568,59731618,1467737,50000,5000
886,19,23,28,37,42,45,2974643786,58820640,1621691,50000,5000
887,8,14,17,27,36,45,2535268688,51217550,1415561,50000,5000
888,3,7,12,31,34,38,2370359204,53567440,1288414,50000,5000
889,3,13,29,38,39,42,2108986950,58582971,1503413,50000,5000
890,1,4,14,18,29,37,2335486167,60400505,1474424,50000,5000
892,4,9,17,18,26,42,1282017464,46569011,1340858,50000,5000
893,1,15,17,23,25,41,2377433625,61485353,1687720,50000,5000
894,19,32,37,40,41,43,2377935959,63694714,1530204,50000,5000
895,16,26,31,38,39,41,1928079219,66485491,1402240,50000,5000
896,5,12,25,26,38,45,3053222036,77436791,1377453,50000,5000
897,6,7,12,22,26,36,1619922520,56610196,1463650,50000,5000
898,18,21,28,35,37,42,2639313235,62840792,1086138,50000,5000
899,8,19,20,21,33,39,3359356063,63384077,1398567,50000,5000
900,7,13,16,18,35,38,3349851375,65683361,1404550,50000,5000
901,5,18,20,23,30,34,2267974667,50775553,1473987,50000,5000
902,7,19,23,24,36,39,1619317529,52365990,1479141,50000,5000
903,2,15,16,21,22,28,1684582212,74488330,1575963,50000,5000
904,2,6,8,26,43,45,2718077813,39392433,1550751,50000,5000
905,3,4,16,27,38,40,3017862536,45725190,1332138,50000,5000
906,2,5,14,28,31,32,2472607250,58871602,1565602,50000,5000
907,21,27,29,38,40,44,3165059036,55112969,1605465,50000,5000
908,3,16,21,22,23,44,2834856141,66312425,1749102,50000,5000
909,7,24,29,30,34,35,2021062875,58814000,1599863,50000,5000
910,1,11,17,27,35,39,941316375,45758435,1222943,50000,5000
911,4,5,12,14,32,42,2113538625,60733869,1370115,50000,5000
912,5,8,18,21,22,38,1493500581,49783353,1368212,50000,5000
913,6,14,16,21,27,37,1338755602,54091136,1447108,50000,5000
914,16,19,24,33,42,44,1950005557,65000186,1382983,50000,5000
915,2,6,11,13,22,37,3518640500,55851437,1444434,50000,5000
916,6,21,22,32,35,36,2025384341,53045781,1700186,50000,5000
917,1,3,23,24,27,43,2144799638,76056725,1581711,50000,5000
918,7,11,12,31,33,38,1117622646,38986837,1233580,50000,5000
919,9,14,17,18,42,44,4305150450,64064739,1411896,50000,5000
920,2,3,26,33,34,43,3120260197,68684973,1550385,50000,5000
921,5,7,12,22,28,41,1232573405,48504047,1302123,50000,5000
922,2,6,13,17,27,43,3417904500,38403422,1188423,50000,5000
923,3,17,18,23,36,41,2667554625,63513206,1496945,50000,5000
924,3,11,34,42,43,44,2382430667,51791972,1625863,50000,5000
925,13,24,32,34,39,42,1771080532,52090604,1516986,50000,5000
926,10,16,18,20,25,31,2032490663,47048395,1158907,50000,5000
927,4,15,22,38,41,43,3714203875,58955618,1593396,50000,5000
928,3,4,10,20,28,44,3134591358,45148436,1385761,50000,5000
929,7,9,12,15,19,23,1308035157,38330701,1151947,50000,5000
930,8,21,25,38,39,44,2832418829,68664699,1360432,50000,5000
931,14,15,23,25,35,43,2957108063,73015014,1518803,50000,5000
932,1,6,15,36,37,38,3390022983,61797294,1634309,50000,5000
933,23,27,29,31,36,45,2927797079,61963960,1762407,50000,5000
934,1,3,30,33,36,39,5765772844,58240130,1629440,50000,5000
935,4,10,20,32,38,44,1711055424,30894057,1263992,50000,5000
936,7,11,13,17,18,29,1492069179,45214218,1215606,50000,5000
937,2,10,13,22,29,40,2058420819,66206518,1521683,50000,5000
938,4,8,10,16,31,36,2249466563,58579859,1481277,50000,5000
939,4,11,28,39,42,45,1708363039,55245571,1380110,50000,5000
940,3,15,20,22,24,41,2846071079,74407088,1629353,50000,5000
941,12,14,25,27,39,40,1347297422,41296473,1097037,50000,5000
942,10,12,18,35,42,43,3761680313,72340007,1521101,50000,5000
944,2,13,16,19,32,33,1961836356,53805639,1390464,50000,5000
945,9,10,15,30,33,37,1765554491,53878424,1536293,50000,5000
946,9,18,19,30,34,40,2157656182,55714127,1341371,50000,5000
947,3,8,17,20,27,35,1275855750,65992539,1202881,50000,5000
948,13,18,30,31,38,41,2188548716,44581548,1381184,50000,5000
949,14,21,35,36,40,44,2458569713,63040250,1579652,50000,5000
950,3,4,15,22,28,40,3281920500,65311851,1516249,50000,5000
951,2,12,30,31,39,43,1747552661,56633652,1402692,50000,5000
952,4,12,22,24,33,41,2713699834,43769353,1339438,50000,5000
953,7,9,22,27,37,42,1640636009,37530890,1169616,50000,5000
954,1,9,26,28,30,41,2478795900,64551977,1554884,50000,5000
955,4,9,23,26,29,33,2023170188,56990710,1526921,50000,5000
956,10,11,20,21,25,41,2022982671,27270600,1214806,50000,5000
957,4,15,24,35,36,40,2126634137,63915234,1375249,50000,5000
958,2,9,10,16,35,37,1596119675,59556705,1615506,50000,5000
959,1,14,15,24,40,41,3015312891,53605563,1606882,50000,5000
960,2,18,24,30,32,45,2401133213,71462298,1557762,50000,5000
961,11,20,29,31,33,42,2575231209,52915710,1422256,50000,5000
962,1,18,28,31,34,43,1940906094,53175510,1503996,50000,5000
963,6,12,19,23,34,42,1476478125,54282285,1176665,50000,5000
964,6,21,36,38,39,43,2345861063,75187855,1597781,50000,5000
965,2,13,25,28,29,36,3403348929,86316821,1662024,50000,5000
966,1,21,25,29,34,37,2411303513,80376784,1708691,50000,5000
967,1,6,13,37,38,40,5809776094,56133103,1564923,50000,5000
968,2,5,12,14,24,39,1667729683,37251694,1159633,50000,5000
969,3,9,10,29,40,45,1149427894,68418328,1455157,50000,5000
970,9,11,16,21,28,36,1611544045,43221488,1516850,50000,5000
971,2,6,17,18,21,26,3725880250,60094843,1387665,50000,5000
972,3,6,17,23,37,39,1124886244,46870261,1458997,50000,5000
973,22,26,31,37,41,42,2912742750,92468024,1720717,50000,5000
974,1,2,11,16,39,44,1317034523,56539361,1415629,50000,5000
975,7,8,9,17,22,24,2440410375,60010092,1294419,50000,5000
976,4,12,14,25,35,37,3243867215,54847997,1226747,50000,5000
977,2,9,10,14,22,44,1669905911,47517648,1574959,50000,5000
978,1,7,15,32,34,42,2373391388,56509319,1399736,50000,5000
979,7,11,16,21,27,33,1606400518,47446429,1097911,50000,5000
980,3,13,16,23,24,35,3409443215,56824054,1411027,50000,5000
981,27,36,37,41,43,45,1992863193,66428774,1528991,50000,5000
982,5,7,13,20,21,44,3023630672,49771699,1375472,50000,5000
983,13,23,26,31,35,43,2503422225,53491928,1580444,50000,5000
984,3,10,23,35,36,37,3453006268,62945427,1551814,50000,5000
985,17,21,23,30,34,44,2434752975,65450349,1572229,50000,5000
986,7,10,16,28,41,42,2375275125,56554170,1417398,50000,5000
987,2,4,15,23,29,38,2378711625,54308485,1335755,50000,5000
988,2,13,20,30,31,41,2678489375,65864493,1508725,50000,5000
989,17,18,21,27,29,33,5826768563,61658927,1589408,50000,5000
990,2,4,25,26,36,37,1740095277,72503970,1420652,50000,5000
991,13,18,25,31,33,44,2904166032,35202013,1304218,50000,5000
992,12,20,26,33,44,45,1986955563,68515710,1674636,50000,5000
993,6,14,16,18,24,42,3991197063,57017101,1460907,50000,5000
994,1,3,8,24,27,35,1861582063,53188059,1328279,50000,5000
996,6,11,15,24,32,39,1491185771,52018109,1350305,50000,5000
997,4,7,14,16,24,44,1253749560,46708317,1075354,50000,5000
998,13,17,18,20,42,45,2076499657,78358478,1568354,50000,5000
999,1,3,9,14,18,28,1513274790,60229843,1371186,50000,5000
1000,2,8,19,22,32,42,1246819620,41941945,1137798,50000,5000
1001,6,10,12,14,20,42,2077279594,62947867,1504730,50000,5000
1002,17,25,33,35,38,45,3088449563,48446268,1289676,50000,5000
1003,1,4,29,39,43,45,1811116822,64029383,1595297,50000,5000
1004,7,15,30,37,39,44,2576251913,63143430,1541743,50000,5000
1005,8,13,18,24,27,29,2061199344,49076175,1473338,50000,5000
1006,8,11,15,16,17,37,2855602125,65898511,1722318,50000,5000
1007,8,11,16,19,21,25,2718786375,58259709,1433960,50000,5000
1008,9,11,30,31,41,44,2267377910,42854222,1470935,50000,5000
1009,15,23,29,34,40,44,1702462825,61683436,1617081,50000,5000
1010,9,12,15,25,34,36,3119380079,63017780,1495568,50000,5000
1011,1,9,12,26,35,38,2220348512,53561039,1444514,50000,5000
1012,5,11,18,20,35,45,1861944318,53081746,1399797,50000,5000
1013,21,22,26,34,36,41,5047570725,53244417,1626570,50000,5000
1014,3,11,14,18,26,27,2410449338,58223414,1410115,50000,5000
1015,14,23,31,33,37,40,3051105610,39883734,1412549,50000,5000
1016,15,26,28,34,41,42,2260660671,60949185,1543018,50000,5000
1017,12,18,22,23,30,34,3517684822,58628081,1580881,50000,5000
1018,3,19,21,25,37,45,12361744688,66460993,1530109,50000,5000
1019,1,4,13,17,34,39,438565140,48729460,627634,50000,5000
1020,12,27,29,38,41,45,1966431520,55332489,1512461,50000,5000
1021,12,15,17,24,29,45,2108962250,75320081,1713907,50000,5000
1022,5,6,11,29,42,45,4866468075,64371271,1571857,50000,5000
1023,10,14,16,18,29,35,2745677875,57201623,1643463,50000,5000
1024,9,18,20,22,38,44,3020323500,63922191,1539411,50000,5000
1025,8,9,20,25,29,33,6118853344,59119356,1527232,50000,5000
1026,5,12,13,31,32,41,1619118475,53260477,1452907,50000,5000
1027,14,16,27,35,39,45,2460504338,49407718,1518830,50000,5000
1028,5,7,12,13,18,35,1181235132,43268687,1401228,50000,5000
1029,12,30,32,37,39,41,2527848450,67952916,1611738,50000,5000
1030,2,5,11,17,24,29,1276406507,38864942,1233055,50000,5000
1031,6,7,22,32,35,36,3213957563,66957450,1536493,50000,5000
1032,1,6,12,19,36,42,2675257538,49541807,1448591,50000,5000
1033,3,11,15,20,35,44,1913414943,52477625,1344708,50000,5000
1034,26,31,32,33,38,40,2868856209,65201278,1484916,50000,5000
1035,9,14,34,35,41,42,3231193735,60679695,1512732,50000,5000
1036,2,5,22,32,34,45,2837323167,66499762,1641337,50000,5000
1037,2,14,15,22,27,33,1708576825,54762078,1574435,50000,5000
1038,7,16,24,27,37,44,1627457225,52839521,1209466,50000,5000
1039,2,3,6,19,36,39,1585019672,52833990,1524241,50000,5000
1040,8,16,26,29,31,36,3660482625,67786716,1653335,50000,5000
1041,6,7,9,11,17,18,935091165,45837803,987133,50000,5000
1042,5,14,15,23,34,43,1240663669,41355456,1159391,50000,5000
1043,3,5,12,22,26,31,1468646956,48385656,1318494,50000,5000
1044,12,17,20,26,28,36,3136941235,58091505,1610547,50000,5000
1045,6,14,15,19,21,41,1990060443,64355189,1597554,50000,5000
1046,7,16,25,29,35,36,2011415719,70575991,1359524,50000,5000
1047,2,20,33,40,42,44,2748797875,49677071,1511436,50000,5000
1049,3,5,13,20,21,37,1727810100,48533992,1455366,50000,5000
1050,6,12,31,35,38,43,1535083280,62134324,1517587,50000,5000
1051,21,26,30,32,33,35,1669558480,71552507,1773611,50000,5000
1052,5,17,26,27,35,38,2341682762,39750788,1467220,50000,5000
1053,22,26,29,30,34,45,4090367411,74563990,1766135,50000,5000
1054,14,19,27,28,30,45,3147925709,71543767,1739827,50000,5000
1055,4,7,12,14,22,33,2362815205,47085086,1269215,50000,5000
1056,13,20,24,32,36,45,1969662456,56739248,1425964,50000,5000
1057,8,13,19,27,40,45,1616069714,6895880,1545870,50000,5000
1058,11,23,25,30,32,40,2058020250,74317398,1450568,50000,5000
1059,7,10,22,25,34,40,2033168481,53074680,1408762,50000,5000
1060,3,10,24,33,38,45,898238907,43664392,912646,50000,5000
1061,4,24,27,35,37,45,2422768773,44866089,1479102,50000,5000
1062,20,31,32,40,41,45,3801933804,65229257,1662515,50000,5000
1063,3,6,22,23,24,38,3770311875,79976313,1625535,50000,5000
1064,3,6,9,18,22,35,1348168106,68858049,1295267,50000,5000
1065,3,18,19,23,32,45,1852593938,58415125,1386821,50000,5000
1066,6,11,16,19,21,32,1670947250,47470093,1257108,50000,5000
1067,7,10,19,23,28,33,1981114010,52346509,1166734,50000,5000
1068,4,7,19,26,33,35,1363929514,49644944,1386998,50000,5000
1069,1,10,18,22,28,31,1863217554,55031743,1446277,50000,5000
1070,3,6,14,22,30,41,1859116929,68856183,1476495,50000,5000
1071,1,2,11,21,30,35,5183979750,52047990,1494287,50000,5000
1072,16,18,20,23,32,43,2175006375,46774331,1514629,50000,5000
1073,6,18,28,30,32,38,2345227603,69348129,1436067,50000,5000
1074,1,6,20,27,28,41,2134763657,54737530,1574891,50000,5000
1075,1,23,24,35,44,45,2896337167,27153161,1579821,50000,5000
1076,3,7,9,33,36,37,2672689750,46616682,1289494,50000,5000
1077,4,8,17,30,40,43,3570901018,42510727,1287806,50000,5000
1078,6,10,11,14,36,38,2141604938,55626103,1591680,50000,5000
1079,4,8,18,24,37,45,2712329417,47864637,1266655,50000,5000
1080,13,16,23,31,36,44,3639444429,51780714,1561037,50000,5000
1081,1,9,16,23,24,38,2343892944,46708012,1470112,50000,5000
1082,21,26,27,32,34,42,3720489643,70009214,1568126,50000,5000
1083,3,7,14,15,22,38,1713084525,59482102,1308098,50000,5000
1084,8,12,13,29,33,42,1738764600,40625342,1447523,50000,5000
1085,4,7,17,18,38,44,1073277473,51427879,1185316,50000,5000
1086,11,16,25,27,35,36,1515913809,64105808,1313483,50000,5000
1087,13,14,18,21,34,44,1732253602,65061169,1545448,50000,5000
1088,11,21,22,30,39,44,2434697898,47485243,1492348,50000,5000
1089,4,18,31,37,42,43,2978522167,56554219,1581517,50000,5000
1090,12,19,21,29,40,45,2386494614,49718638,1492747,50000,5000
1091,6,20,23,24,28,30,2898470459,66887780,1513299,50000,5000
1092,7,18,19,26,33,45,1583289844,50263170,1269044,50000,5000
1093,10,17,22,30,35,43,1967040750,65568025,1455575,50000,5000
1094,6,7,15,22,26,40,2112854469,48571368,1550719,50000,5000
1095,8,14,28,29,34,40,2617825575,76544608,1688484,50000,5000
1096,1,12,16,19,23,43,2539391175,49791984,1447442,50000,5000
1097,14,33,34,35,37,40,3864293090,67288686,1713547,50000,5000
1098,12,16,21,24,41,43,1930461895,61509816,1472771,50000,5000
1099,3,20,28,38,40,43,2959934125,62533820,1643800,50000,5000
1101,6,7,13,28,36,42,2100529500,60681964,1353300,50000,5000
1102,13,14,22,26,37,38,1383591413,73205895,1516099,50000,5000
1103,10,12,29,31,40,44,1574419633,58695469,1533468,50000,5000
1104,1,7,21,30,35,38,1817193100,59776089,1514328,50000,5000
1105,6,16,34,37,39,40,1834853800,55266681,1582863,50000,5000
1106,1,3,4,29,42,45,2790462819,76355948,1516257,50000,5000
1107,6,14,30,31,40,41,2025625233,57639743,1407942,50000,5000
1108,7,19,26,37,39,44,1957990849,47590056,1415757,50000,5000
1109,10,12,13,19,33,40,1584352875,53440474,1341202,50000,5000
1110,3,7,11,20,22,41,1647392719,37229214,1202258,50000,5000
1111,3,13,30,33,43,45,1714662540,47138490,897260,50000,5000
1112,16,20,26,36,42,44,2804455650,79221912,1519043,50000,5000
1113,11,13,20,21,32,44,1987426822,81356654,1579472,50000,5000
1114,10,16,19,32,33,38,1583813824,50994006,1393193,50000,5000
1115,7,12,23,32,34,36,2257278282,75242610,1454901,50000,5000
1116,15,16,17,25,30,31,2695000238,39400589,1550991,50000,5000
1117,3,4,9,30,33,36,3028385542,48325302,1437071,50000,5000
1118,11,13,14,15,16,45,1477445132,64980226,1329897,50000,5000
1119,1,9,12,13,20,45,1396028764,45574823,1422381,50000,5000
1120,2,19,26,31,38,41,2522163375,50812816,1516552,50000,5000
1121,6,24,31,32,38,44,2524513262,60898347,1565723,50000,5000
1122,3,6,21,30,34,35,2556266046,47338261,1598393,50000,5000
